{"cameraMode":{"drawMode":0,"name":"Shaded","section":"Shading Mode"},"sceneLighting":true,"audioPlay":false,"sceneViewState":{"showFog":true,"showMaterialUpdate":false,"showSkybox":true,"showFlares":true,"showImageEffects":true,"showParticleSystems":true},"in2DMode":false,"pivot":{"x":0.5282511115074158,"y":5.337942123413086,"z":1.569327712059021},"rotation":{"x":0.20035894215106965,"y":-0.7941023111343384,"z":0.3497779071331024,"w":0.4548758566379547},"size":31.640506744384767,"orthographic":true}