{"cameraMode":{"drawMode":0,"name":"Shaded","section":"Shading Mode"},"sceneLighting":false,"audioPlay":false,"sceneViewState":{"showFog":true,"showMaterialUpdate":false,"showSkybox":false,"showFlares":true,"showImageEffects":true,"showParticleSystems":true},"in2DMode":false,"pivot":{"x":0.060829002410173419,"y":0.5197169780731201,"z":0.0029582553543150427},"rotation":{"x":-0.009303029626607895,"y":0.463608980178833,"z":-0.004868298768997192,"w":-0.8859793543815613},"size":22.0,"orthographic":true}