{"cameraMode":{"drawMode":0,"name":"Shaded","section":"Shading Mode"},"sceneLighting":false,"audioPlay":false,"sceneViewState":{"showFog":true,"showMaterialUpdate":false,"showSkybox":false,"showFlares":true,"showImageEffects":true,"showParticleSystems":true},"in2DMode":false,"pivot":{"x":-0.09922021627426148,"y":0.35633790493011477,"z":0.07005590200424195},"rotation":{"x":0.009394737891852856,"y":0.9824882745742798,"z":0.1787828952074051,"w":-0.051628079265356067},"size":1.011535406112671,"orthographic":false}