{"cameraMode":{"drawMode":0,"name":"Shaded","section":"Shading Mode"},"sceneLighting":false,"audioPlay":false,"sceneViewState":{"showFog":true,"showMaterialUpdate":false,"showSkybox":false,"showFlares":true,"showImageEffects":true,"showParticleSystems":true},"in2DMode":false,"pivot":{"x":-0.12906840443611146,"y":0.8674007654190064,"z":-0.13796842098236085},"rotation":{"x":-0.22508147358894349,"y":0.024842519313097,"z":0.005740709137171507,"w":0.9740065336227417},"size":1.5714471340179444,"orthographic":false}