{"cameraMode":{"drawMode":0,"name":"Shaded","section":"Shading Mode"},"sceneLighting":true,"audioPlay":false,"sceneViewState":{"showFog":true,"showMaterialUpdate":false,"showSkybox":true,"showFlares":true,"showImageEffects":true,"showParticleSystems":true},"in2DMode":false,"pivot":{"x":-26.97011947631836,"y":40.312652587890628,"z":-15.536721229553223},"rotation":{"x":-0.01881289668381214,"y":-0.9188691973686218,"z":-0.04413963109254837,"w":0.3916345536708832},"size":81.05425262451172,"orthographic":false}