{"cameraMode":{"drawMode":0,"name":"Shaded","section":"Shading Mode"},"sceneLighting":false,"audioPlay":false,"sceneViewState":{"showFog":true,"showMaterialUpdate":false,"showSkybox":false,"showFlares":true,"showImageEffects":true,"showParticleSystems":true},"in2DMode":false,"pivot":{"x":15.103574752807618,"y":37.33174133300781,"z":28.651512145996095},"rotation":{"x":-0.018100285902619363,"y":0.2303713858127594,"z":0.004286336712539196,"w":0.9729257822036743},"size":36.058448791503909,"orthographic":false}